Title,Price,Date
Funny Got Data MIS Data Systems Business Analyst T-Shirt,16.99,2024-10-08
Funny Got Data MIS Data Systems Business Analyst T-Shirt,16.99,2024-10-08
Funny Got Data MIS Data Systems Business Analyst T-Shirt,16.99,2024-10-08
Funny Got Data MIS Data Systems Business Analyst T-Shirt,16.99,2024-10-08
Funny Got Data MIS Data Systems Business Analyst T-Shirt,16.99,2024-10-08
Funny Got Data MIS Data Systems Business Analyst T-Shirt,16.99,2024-10-09
Funny Got Data MIS Data Systems Business Analyst T-Shirt,16.99,2024-10-09
Funny Got Data MIS Data Systems Business Analyst T-Shirt,16.99,2024-10-09
Funny Got Data MIS Data Systems Business Analyst T-Shirt,16.99,2024-10-09
Funny Got Data MIS Data Systems Business Analyst T-Shirt,16.99,2024-10-08
Funny Got Data MIS Data Systems Business Analyst T-Shirt,16.99,2024-10-12
Funny Got Data MIS Data Systems Business Analyst T-Shirt,16.99,2024-10-12
